,pred_volatility
2024-01-28 0:00,0
2024-01-28 1:00,0
2024-01-28 2:00,0
2024-01-28 3:00,0
2024-01-28 4:00,0
2024-01-28 5:00,0
2024-01-28 6:00,0
2024-01-28 7:00,0
2024-01-28 8:00,0
2024-01-28 9:00,0
2024-01-28 10:00,0
2024-01-28 11:00,0
2024-01-28 12:00,0
2024-01-28 13:00,0
2024-01-28 14:00,0
2024-01-28 15:00,0
2024-01-28 16:00,0
2024-01-28 17:00,0
2024-01-28 18:00,0
2024-01-28 19:00,0
2024-01-28 20:00,0
2024-01-28 21:00,0
2024-01-28 22:00,0
2024-01-28 23:00,0
2024-01-29 0:00,0
2024-01-29 1:00,0
2024-01-29 2:00,0
2024-01-29 3:00,0
2024-01-29 4:00,0
2024-01-29 5:00,0
2024-01-29 6:00,0
2024-01-29 7:00,0
2024-01-29 8:00,0
2024-01-29 9:00,0
2024-01-29 10:00,0
2024-01-29 11:00,0
2024-01-29 12:00,0
2024-01-29 13:00,0
2024-01-29 14:00,0
2024-01-29 15:00,0
2024-01-29 16:00,0
2024-01-29 17:00,0
2024-01-29 18:00,0
2024-01-29 19:00,0
2024-01-29 20:00,0
2024-01-29 21:00,0
2024-01-29 22:00,0
2024-01-29 23:00,0
2024-01-30 0:00,0
2024-01-30 1:00,0
2024-01-30 2:00,0
2024-01-30 3:00,0
2024-01-30 4:00,0
2024-01-30 5:00,0
2024-01-30 6:00,0
2024-01-30 7:00,0
2024-01-30 8:00,0
2024-01-30 9:00,0
2024-01-30 10:00,0
2024-01-30 11:00,0
2024-01-30 12:00,0
2024-01-30 13:00,0
2024-01-30 14:00,0
2024-01-30 15:00,0
2024-01-30 16:00,0
2024-01-30 17:00,0
2024-01-30 18:00,0
2024-01-30 19:00,0
2024-01-30 20:00,0
2024-01-30 21:00,0
2024-01-30 22:00,0
2024-01-30 23:00,0
2024-01-31 0:00,0
