time,Open,High,Low,Close,Volume,returns,volatility
2024-01-01 00:00:00,42314.0,42603.2,42289.6,42503.5,8459.477,,
2024-01-01 01:00:00,42503.5,42832.0,42462.0,42647.9,9043.411,0.0033973672756362205,
2024-01-01 02:00:00,42647.9,42676.9,42530.0,42620.4,4653.067,-0.000644814867789556,
2024-01-01 03:00:00,42620.5,42630.0,42270.0,42369.8,8119.88,-0.00587981342268018,
2024-01-01 04:00:00,42369.8,42439.8,42235.2,42436.6,6356.536,0.001576594649962848,
2024-01-01 05:00:00,42436.6,42440.0,42207.9,42272.6,4139.557,-0.003864588586267481,
2024-01-01 06:00:00,42272.6,42461.3,42239.1,42423.3,3933.019,0.003564956969763111,
2024-01-01 07:00:00,42423.4,42536.0,42421.7,42527.0,4455.05,0.002444411443711214,
2024-01-01 08:00:00,42527.1,42597.3,42489.4,42588.2,3673.746,0.0014390857572834648,
2024-01-01 09:00:00,42588.2,42734.2,42570.0,42688.8,5779.875,0.0023621566537210814,
2024-01-01 10:00:00,42688.8,42795.0,42661.1,42727.7,5806.743,0.0009112460411160317,
2024-01-01 11:00:00,42727.7,42800.0,42638.0,42727.6,5965.0380000000005,-2.3404021278761178e-06,
2024-01-01 12:00:00,42727.7,42825.2,42651.1,42682.0,6380.463,-0.0010672258680571867,
2024-01-01 13:00:00,42682.0,42787.5,42647.9,42753.9,3269.775,0.0016845508645331186,
2024-01-01 14:00:00,42753.8,42755.8,42614.5,42645.6,5333.959,-0.002533102243304164,
2024-01-01 15:00:00,42645.5,42887.5,42617.6,42818.0,8176.63,0.00404262104414066,
2024-01-01 16:00:00,42818.0,42898.9,42693.1,42759.7,7126.615,-0.0013615769069084127,
2024-01-01 17:00:00,42759.7,42860.8,42734.8,42847.0,3411.0190000000002,0.002041642013391076,
2024-01-01 18:00:00,42847.0,43268.0,42847.0,43148.0,18895.526,0.00702499591570005,
2024-01-01 19:00:00,43148.0,43593.2,43133.3,43556.2,17037.283,0.009460461666821018,
2024-01-01 20:00:00,43556.2,43915.5,43548.5,43753.3,23648.197,0.004525188147726622,0.003560000548682228
2024-01-01 21:00:00,43753.2,43853.0,43531.8,43679.8,10536.944,-0.001679873289557543,0.0035951375943828073
2024-01-01 22:00:00,43679.7,43723.8,43426.0,43583.9,6632.907,-0.0021955228732732923,0.0036533199279271036
2024-01-01 23:00:00,43584.0,44266.0,43583.9,44230.2,25589.427,0.01482887029384683,0.0044181864208840075
2024-01-02 00:00:00,44230.3,45376.0,44200.9,45179.8,59371.002,0.021469493694353803,0.006171290881742374
2024-01-02 01:00:00,45179.7,45485.7,44750.0,44926.3,33741.976,-0.005610914612282469,0.006287101037315296
2024-01-02 02:00:00,44926.5,45428.0,44926.5,45420.0,18557.82,0.010989108829349226,0.0065324063479768185
2024-01-02 03:00:00,45420.0,45565.0,45167.3,45435.0,18878.543,0.00033025099075301156,0.006566359762040355
2024-01-02 04:00:00,45434.9,45484.4,45193.1,45211.7,11326.594,-0.0049147133267305465,0.006811921801371342
2024-01-02 05:00:00,45211.5,45366.0,45153.0,45218.2,7931.571,0.00014376809542659963,0.0068411147875530945
2024-01-02 06:00:00,45218.2,45346.2,45163.9,45202.9,5712.13,-0.00033835933318870914,0.00686593726094848
2024-01-02 07:00:00,45202.9,45832.8,45202.5,45495.5,21647.544,0.0064730360220250915,0.006877423606818297
2024-01-02 08:00:00,45495.6,45905.9,45365.0,45816.8,27098.848,0.007062236924531007,0.006854280805151335
2024-01-02 09:00:00,45816.8,45950.0,45667.7,45730.5,14217.371,-0.0018835885526706786,0.006951740843830087
2024-01-02 10:00:00,45730.0,45772.8,45478.0,45655.7,13818.668,-0.0016356698483507293,0.006914266789196721
2024-01-02 11:00:00,45655.7,45767.6,45258.0,45486.8,17990.732,-0.003699428548899597,0.007093079803719579
2024-01-02 12:00:00,45486.8,45655.0,45323.2,45355.1,15529.751,-0.002895345462859633,0.0071513555969169125
2024-01-02 13:00:00,45355.1,45760.0,45316.4,45686.3,14990.782,0.007302376138516031,0.007211720748474862
2024-01-02 14:00:00,45686.2,45850.0,45026.0,45293.6,35837.352,-0.008595574603327605,0.007614583572535737
2024-01-02 15:00:00,45293.5,45359.9,44868.1,45215.0,32589.488,-0.001735344507833303,0.0074830019595077185
2024-01-02 16:00:00,45215.0,45449.2,44918.0,45393.4,20683.503,0.003945593276567516,0.007473404116981758
2024-01-02 17:00:00,45393.4,45423.5,44979.9,45001.2,12326.341,-0.008640022558345617,0.0078021347957757635
2024-01-02 18:00:00,45001.3,45308.4,44969.6,45189.0,10881.297,0.004173222047412217,0.007772417872914752
2024-01-02 19:00:00,45188.9,45286.9,44783.3,45073.2,15774.741,-0.0025625705370776464,0.007193908077463318
2024-01-02 20:00:00,45073.3,45223.1,44762.4,44825.2,15030.281,-0.005502160929332756,0.005470107920583469
2024-01-02 21:00:00,44825.1,45155.0,44598.0,45155.0,16920.986,0.007357468566788317,0.005584795552580926
2024-01-02 22:00:00,45154.9,45338.9,44871.0,45006.7,11592.184,-0.003284243162440581,0.005026870430598768
2024-01-02 23:00:00,45006.7,45083.1,44818.1,44979.8,7349.018,-0.0005976887885580373,0.005023620170401544
2024-01-03 00:00:00,44979.7,45250.7,44895.8,45168.1,9891.172,0.004186323638611045,0.005014040732315423
2024-01-03 01:00:00,45168.0,45379.2,45134.2,45347.8,6424.363,0.003978471531899785,0.005093970597745012
2024-01-03 02:00:00,45347.8,45463.5,45251.7,45312.7,7116.849,-0.0007740177031743123,0.005097123820044842
2024-01-03 03:00:00,45312.6,45346.8,45188.0,45297.8,3817.468,-0.00032882613483620204,0.004873913405028701
2024-01-03 04:00:00,45297.8,45309.7,45144.0,45218.8,4135.829,-0.0017440140580778918,0.004571067951607485
2024-01-03 05:00:00,45218.8,45330.0,45150.0,45200.0,4979.685,-0.0004157562783622115,0.0045619389342744536
2024-01-03 06:00:00,45200.0,45405.3,45185.0,45362.7,5647.505,0.0035995575221239307,0.0046471769147325035
2024-01-03 07:00:00,45362.8,45423.0,44960.0,45030.4,12284.417,-0.007325401706688384,0.004852495111571427
2024-01-03 08:00:00,45030.5,45240.0,45023.7,45224.1,9080.312,0.004301538516202408,0.004931171386228389
2024-01-03 09:00:00,45224.1,45582.3,45207.5,45378.7,14623.762,0.003418531269831826,0.004693705200032682
2024-01-03 10:00:00,45378.6,45420.9,45061.0,45175.7,11079.822,-0.004473464422735773,0.004392354476302123
2024-01-03 11:00:00,45175.7,45205.3,43500.0,43728.9,83422.364,-0.03202606711130085,0.00838546703238819
2024-01-03 12:00:00,43728.9,43738.8,40333.0,42795.8,174460.87,-0.021338291152990352,0.009350158480103508
2024-01-03 13:00:00,42795.8,42827.1,42310.4,42545.7,33891.828,-0.005844031423644536,0.009280459574696127
2024-01-03 14:00:00,42545.7,42546.4,42062.7,42204.1,27239.337,-0.008029013507828031,0.009201424784095634
2024-01-03 15:00:00,42204.1,43049.9,42194.2,43014.0,33681.973,0.019190078689037326,0.010496396414909289
2024-01-03 16:00:00,43014.0,43595.9,42800.0,43009.2,49301.886,-0.00011159157483620064,0.010478566278765152
2024-01-03 17:00:00,43009.1,43049.8,42595.0,42914.5,19937.512,-0.002201854486946875,0.010244041163638869
2024-01-03 18:00:00,42914.5,43064.9,41920.0,42267.6,26553.799,-0.015074159083759642,0.010624262308450922
2024-01-03 19:00:00,42267.6,43040.0,42163.9,42600.4,25853.536,0.007873643168762934,0.01089390098784007
2024-01-03 20:00:00,42600.4,42850.4,42517.6,42724.5,8773.483,0.0029131181866837164,0.010855458952484938
2024-01-03 21:00:00,42724.6,42974.5,42585.3,42927.1,11066.029,0.004742009853830886,0.010881569630482285
2024-01-03 22:00:00,42927.1,42949.2,42600.0,42753.6,7142.262,-0.004041735873143049,0.010875938103574921
2024-01-03 23:00:00,42753.6,42857.9,42588.1,42849.5,5449.162,0.0022430859623516763,0.010922370476732392
2024-01-04 00:00:00,42849.5,42997.1,42756.5,42883.4,8209.261,0.0007911410868270963,0.010948937293417954
2024-01-04 01:00:00,42883.4,42949.3,42625.0,42716.6,7899.91,-0.003889616961341713,0.010940173680778056
2024-01-04 02:00:00,42716.6,43236.0,42700.0,43151.0,10196.776,0.010169348684118118,0.011235940446875798
2024-01-04 03:00:00,43151.1,43229.0,43013.3,43119.6,6648.483,-0.0007276772264838138,0.01118154405287672
2024-01-04 04:00:00,43119.6,43216.2,42966.9,43161.1,5415.558,0.0009624393547249532,0.01110550972520236
2024-01-04 05:00:00,43161.1,43290.0,43081.6,43191.3,5112.512,0.0006997041317298169,0.01104867227509299
2024-01-04 06:00:00,43191.3,43238.9,43088.0,43163.7,4665.851,-0.0006390175799294573,0.01104422446720541
2024-01-04 07:00:00,43163.8,43268.0,42765.0,42775.0,18904.068,-0.009005252098406746,0.008731435923714977
2024-01-04 08:00:00,42775.1,42978.3,42732.2,42858.7,9499.444,0.0019567504383399825,0.0073253501894392685
2024-01-04 09:00:00,42858.7,43102.8,42858.6,43020.6,7880.9220000000005,0.00377752941643128,0.007229836271699958
2024-01-04 10:00:00,43020.7,43123.2,42645.1,43089.5,13891.397,0.001601558323221841,0.006941227784040435
2024-01-04 11:00:00,43089.6,43255.0,42942.9,43188.2,10081.485,0.002290581232086586,0.0054964917213968225
2024-01-04 12:00:00,43188.2,43450.0,43107.4,43386.2,15621.032,0.004584585604401115,0.00558139213467224
2024-01-04 13:00:00,43386.2,43493.2,43166.6,43344.2,10599.733,-0.0009680497485375916,0.00555729020418635
2024-01-04 14:00:00,43344.3,43785.9,43253.3,43674.0,21012.855,0.0076088611625084734,0.004403657514506837
2024-01-04 15:00:00,43674.0,44343.1,43609.5,44050.4,42298.085,0.008618399963364887,0.0044618450620859534
2024-01-04 16:00:00,44050.4,44135.0,43773.4,43913.1,20219.377,-0.003116884296169853,0.004576700486133403
2024-01-04 17:00:00,43913.2,44227.6,43822.0,43983.0,17877.904,0.0015917801293918732,0.0045087126114082285
2024-01-04 18:00:00,43983.0,44158.0,43870.0,44048.2,7912.437,0.0014823909237660082,0.004334919914942395
2024-01-04 19:00:00,44048.2,44437.5,43904.3,43950.0,21276.829,-0.002229376001743444,0.0044093749686502075
2024-01-04 20:00:00,43950.0,44840.8,43887.2,44116.7,27243.794,0.003792946530147834,0.004442893725731731
2024-01-04 21:00:00,44116.6,44633.0,44116.6,44434.1,17418.736,0.007194554443102019,0.004435970404146059
2024-01-04 22:00:00,44434.1,44754.6,44130.0,44311.7,16324.945,-0.0027546411427260553,0.0041099182753370316
2024-01-04 23:00:00,44311.8,44352.9,44043.4,44143.8,7711.704,-0.003789066995849688,0.004245594877129686
2024-01-05 00:00:00,44143.8,44246.7,43961.0,44207.5,10046.514,0.001443011249597781,0.0042456408768457845
2024-01-05 01:00:00,44207.4,44284.0,42300.0,43374.5,48919.101,-0.01884295651190404,0.006177770868085076
2024-01-05 02:00:00,43373.5,43949.8,43300.8,43506.4,24585.278,0.003040957244463849,0.006205270374330454
2024-01-05 03:00:00,43506.5,43778.7,43413.0,43469.1,8943.088,-0.0008573451262343657,0.005809152068352509
2024-01-05 04:00:00,43469.5,43632.0,43193.5,43589.3,12977.039,0.0027651826239789568,0.00582027081365299
2024-01-05 05:00:00,43589.3,43726.4,43510.8,43644.2,6975.411,0.0012594834053309967,0.005780978982824165
2024-01-05 06:00:00,43643.1,43951.7,43573.3,43847.9,9811.778,0.004667286833073048,0.0058454290146933595
2024-01-05 07:00:00,43847.8,43927.8,43713.8,43769.6,7056.237,-0.0017857183582338232,0.005865022717101232
2024-01-05 08:00:00,43769.6,43947.1,43758.5,43911.6,6303.286,0.0032442608568503672,0.005825647859749813
2024-01-05 09:00:00,43911.6,44332.4,43911.6,44147.8,21152.247,0.005378988695470044,0.0059069953129858525
2024-01-05 10:00:00,44147.8,44160.0,43459.0,43628.2,15345.601,-0.011769555900860373,0.0063290139022485325
2024-01-05 11:00:00,43628.3,43912.9,43596.0,43769.9,11131.977,0.003247899294493095,0.006050419747591416
2024-01-05 12:00:00,43769.9,44119.1,43620.2,43877.7,14004.981,0.0024628797415573445,0.006042422470887229
2024-01-05 13:00:00,43877.7,44089.4,43701.6,43978.6,16663.022,0.002299573587494441,0.006054437659129086
2024-01-05 14:00:00,43978.6,44060.9,43000.0,43489.6,31678.387,-0.011119044262436706,0.00653041440532638
2024-01-05 15:00:00,43483.4,43800.0,43341.0,43495.2,20019.537,0.00012876641771830677,0.006521062319186209
2024-01-05 16:00:00,43495.1,43593.4,43202.0,43220.8,15126.816,-0.0063087421140721744,0.006562165277754618
2024-01-05 17:00:00,43220.7,43619.9,43090.0,43603.5,18536.164,0.008854533002628395,0.006680754813066778
2024-01-05 18:00:00,43603.6,43699.0,43406.4,43604.4,7686.253,2.0640544910355274e-05,0.006669492619771751
2024-01-05 19:00:00,43604.4,43825.2,43512.5,43599.0,9227.577,-0.00012384071332249835,0.00663279921549052
2024-01-05 20:00:00,43599.0,44500.0,43591.1,43951.6,25270.009000000002,0.008087341452785557,0.006901452836736139
2024-01-05 21:00:00,43951.7,43969.7,43559.0,43936.2,12684.375,-0.0003503854239663706,0.005345093212768172
2024-01-05 22:00:00,43936.3,44040.2,43760.0,43964.2,5888.15,0.0006372877035336622,0.005315614648180915
2024-01-05 23:00:00,43964.3,44336.7,43964.2,44145.4,14934.963,0.004121535249134611,0.005363251702191314
2024-01-06 00:00:00,44145.3,44214.6,43966.0,44066.0,6149.687,-0.0017986018928359826,0.005371688755022488
2024-01-06 01:00:00,44066.0,44095.5,43899.3,43961.5,5626.504,-0.002371442835746418,0.005407957935513707
2024-01-06 02:00:00,43961.5,44009.9,43822.0,43900.1,5631.5,-0.0013966766375124173,0.00532405192593911
2024-01-06 03:00:00,43900.1,44016.8,43809.5,43925.8,4936.348,0.0005854200787698272,0.0053068562719475795
2024-01-06 04:00:00,43925.8,43972.0,43831.0,43851.1,2952.747,-0.0017005950944548598,0.005272222417224762
2024-01-06 05:00:00,43851.2,43870.6,43577.6,43695.9,9426.428,-0.0035392498705847375,0.005164416549332481
2024-01-06 06:00:00,43695.8,43699.4,43422.4,43455.4,11047.081,-0.0055039488830760375,0.00460461268530754
2024-01-06 07:00:00,43455.4,43667.7,43391.3,43645.3,8797.309,0.004369997744814169,0.004655242840375017
2024-01-06 08:00:00,43645.4,43749.7,43550.0,43696.1,5542.7,0.0011639283038493708,0.004626101612184203
2024-01-06 09:00:00,43696.1,43765.0,43630.1,43653.6,4241.808,-0.0009726268477049382,0.004590881766476169
2024-01-06 10:00:00,43653.7,43777.5,43579.1,43694.6,5270.934,0.0009392123444573741,0.003832873667822443
2024-01-06 11:00:00,43694.6,43707.7,43611.2,43669.2,3516.154,-0.0005813075299923032,0.003837265164828564
2024-01-06 12:00:00,43669.2,43748.0,43527.2,43607.4,4232.75,-0.001415185073232239,0.003544828699721719
2024-01-06 13:00:00,43607.3,43744.3,43541.0,43701.2,4608.887,0.002151011066928943,0.0029804473001821007
2024-01-06 14:00:00,43701.1,43925.0,43700.1,43824.4,8609.057,0.002819144554383035,0.003040809002807177
2024-01-06 15:00:00,43824.5,43898.0,43778.9,43863.6,4230.2210000000005,0.0008944788747820009,0.0030426381590598897
2024-01-06 16:00:00,43863.6,43973.1,43817.4,43865.4,4984.527,4.1036303449759615e-05,0.0024300165839727444
2024-01-06 17:00:00,43865.4,44010.7,43835.0,43962.1,5063.45,0.002204470949769055,0.0024824901752944595
2024-01-06 18:00:00,43962.0,44149.9,43878.8,43992.7,8441.003,0.0006960541011462595,0.002483278473383612
2024-01-06 19:00:00,43992.7,44015.1,43826.1,43903.6,4926.559,-0.0020253360216581084,0.0023263577936227593
2024-01-06 20:00:00,43903.6,43960.7,43645.0,43816.4,7347.837,-0.0019861696990678412,0.0023332039454548154
2024-01-06 21:00:00,43816.3,43930.4,43712.1,43881.3,4542.916,0.0014811805625292163,0.002310492827941664
2024-01-06 22:00:00,43881.3,43920.0,43730.6,43865.8,3304.253,-0.0003532256336982176,0.0022911042798188144
2024-01-06 23:00:00,43865.7,43980.0,43723.0,43956.7,5112.137,0.0020722293905501843,0.00233603010942628
2024-01-07 00:00:00,43956.6,44267.9,43906.9,44119.0,10395.234,0.003692269892871858,0.002434004340154011
2024-01-07 01:00:00,44119.1,44159.1,43952.8,43961.6,5147.04,-0.0035676239261995812,0.0024363715501436647
2024-01-07 02:00:00,43961.5,44088.0,43824.2,43927.6,6671.698,-0.0007734022419566555,0.0020400350049136974
2024-01-07 03:00:00,43927.7,44029.6,43900.8,43937.2,3290.23,0.00021854141815169648,0.0018305399149157451
2024-01-07 04:00:00,43937.1,44032.0,43872.8,43994.8,3515.009,0.0013109620094136076,0.0018343358095837688
2024-01-07 05:00:00,43994.8,44068.2,43830.0,43880.4,4029.233,-0.002600307309045702,0.0019293898802365417
2024-01-07 06:00:00,43880.5,44087.3,43842.5,44015.4,5773.35,0.003076544425301586,0.0020257252124014097
2024-01-07 07:00:00,44015.3,44099.6,43980.0,44071.5,3481.063,0.001274553906132736,0.0020224658501663017
2024-01-07 08:00:00,44071.6,44161.5,43988.4,44009.9,5710.541,-0.0013977286908772868,0.0020216173330076066
2024-01-07 09:00:00,44010.0,44059.7,43862.8,43923.0,6288.243,-0.0019745557249619683,0.002050419187065958
2024-01-07 10:00:00,43923.0,43991.2,43896.2,43951.4,3541.646,0.0006465860710789251,0.0019631250203547513
2024-01-07 11:00:00,43951.3,44120.0,43947.0,44054.0,5522.521,0.002334396629003921,0.0020176459410899557
2024-01-07 12:00:00,44054.0,44138.0,43956.0,44080.9,4923.042,0.0006106142461523856,0.0020190281646033192
2024-01-07 13:00:00,44080.9,44461.8,44066.5,44406.2,17832.044,0.007379613392648476,0.002545960350861972
2024-01-07 14:00:00,44406.3,44486.9,44268.1,44405.0,10590.45,-2.7023253509561584e-05,0.002548248851050742
2024-01-07 15:00:00,44405.0,44431.2,43922.7,44035.0,15675.217,-0.008332395000563042,0.0031841664847844235
2024-01-07 16:00:00,44034.9,44180.5,43828.6,43910.7,11693.369,-0.0028227546270013226,0.003219068018574174
2024-01-07 17:00:00,43910.8,44097.9,43686.9,44056.3,11553.65,0.0033158205175505273,0.0032855788531725117
2024-01-07 18:00:00,44056.3,44171.7,44023.1,44088.0,4027.419,0.0007195338691627917,0.003284756976562674
2024-01-07 19:00:00,44088.1,44262.3,44025.2,44238.8,4887.93,0.003420431863545792,0.0033373654923057596
2024-01-07 20:00:00,44238.8,44262.9,44100.0,44108.2,3295.638,-0.0029521596426667074,0.0033151860787580065
2024-01-07 21:00:00,44108.2,44238.0,44095.6,44218.8,3382.184,0.002507470266299716,0.0032494380841189903
2024-01-07 22:00:00,44218.7,44218.8,43750.9,43851.3,11719.511,-0.00831094466606963,0.0037747385365448196
2024-01-07 23:00:00,43851.3,44014.7,43557.5,43916.9,17764.452,0.001495964771853986,0.003790831560945099
2024-01-08 00:00:00,43916.9,43975.0,43612.0,43621.8,11321.115,-0.006719508890654868,0.004058682290267116
2024-01-08 01:00:00,43621.9,43796.2,43600.0,43699.3,6965.421,0.0017766346184706627,0.004052805358770128
2024-01-08 02:00:00,43699.3,43793.7,43158.1,43354.8,18462.773,-0.007883421473570462,0.004318843003145137
2024-01-08 03:00:00,43354.8,43550.0,43211.0,43501.9,12456.105,0.003392934577024942,0.004396310984114705
2024-01-08 04:00:00,43502.0,43603.0,43417.8,43584.7,6957.056,0.0019033651403730367,0.004428258014852351
2024-01-08 05:00:00,43584.8,43640.8,43464.1,43630.5,6260.64,0.0010508274692724306,0.004426045016225477
2024-01-08 06:00:00,43630.5,44431.1,43571.4,43900.0,28968.93,0.006176871683799101,0.004656661656147616
2024-01-08 07:00:00,43900.0,44072.0,43775.0,43970.0,10500.519,0.0015945330296127658,0.004639645591650226
2024-01-08 08:00:00,43969.9,44065.5,43839.2,43857.0,5273.613,-0.002569934045940414,0.004668956799296217
2024-01-08 09:00:00,43857.0,43915.0,43629.7,43716.3,6930.467,-0.003208153772487843,0.004348268235261632
2024-01-08 10:00:00,43716.3,44133.8,43680.0,44081.6,10100.904,0.008356150909386129,0.00480417753055791
2024-01-08 11:00:00,44081.6,44748.5,43938.4,44637.2,26246.323,0.012603898225109766,0.0052358909089130715
2024-01-08 12:00:00,44637.2,45180.0,44350.0,45102.9,59817.925,0.010433002070022512,0.005594237469475663
2024-01-08 13:00:00,45102.9,45173.9,44790.5,44915.9,20638.504,-0.00414607486436569,0.005704337466082959
2024-01-08 14:00:00,44915.9,45099.2,44730.0,44787.5,13929.972,-0.002858675880924144,0.005768754698358996
2024-01-08 15:00:00,44787.4,45440.0,44657.0,44969.6,30079.842,0.004065866592241063,0.005785946662714702
2024-01-08 16:00:00,44969.7,45170.0,44783.8,44939.2,13675.485,-0.0006760122393795198,0.005729636556796591
2024-01-08 17:00:00,44939.3,45669.9,44894.1,45643.0,28676.511,0.01566115996724471,0.006605848703720522
2024-01-08 18:00:00,45643.5,47155.2,45643.4,46970.2,85931.829,0.029077843261836378,0.00863133430517617
2024-01-08 19:00:00,46969.9,47312.0,46598.1,47006.7,40152.489,0.0007770884518270016,0.00864150624496671
2024-01-08 20:00:00,47007.1,47183.1,46718.6,46796.1,17479.581,-0.004480212395254313,0.008516542771045842
2024-01-08 21:00:00,46796.1,47240.3,46666.1,47087.2,16919.695,0.006220603853740014,0.008525741757546954
2024-01-08 22:00:00,47087.2,47143.1,46822.3,47011.2,9104.134,-0.001614026741874608,0.0081829088850184
2024-01-08 23:00:00,47011.3,47125.0,46850.0,46972.7,8238.15,-0.0008189537812266501,0.008255615257630494
2024-01-09 00:00:00,46972.6,47173.5,46253.7,46682.4,29265.504,-0.00618018551201005,0.008549978297299348
2024-01-09 01:00:00,46682.3,46797.0,46304.1,46574.9,16340.354,-0.002302795057666285,0.008632475042617672
2024-01-09 02:00:00,46575.0,46795.6,46496.0,46787.5,7840.157,0.004564690423382478,0.008611754610784974
2024-01-09 03:00:00,46787.5,46980.0,46758.0,46932.8,8829.534,0.0031055303232701004,0.00860332174283627
2024-01-09 04:00:00,46932.7,46950.3,46675.0,46806.4,7494.629,-0.002693212422868463,0.008607792057596937
2024-01-09 05:00:00,46806.4,46860.0,46600.2,46721.4,6670.731,-0.0018159909755930403,0.008557925375013747
2024-01-09 06:00:00,46721.3,46850.0,46672.3,46794.5,5901.718,0.001564593526734992,0.008483834381527241
2024-01-09 07:00:00,46794.5,46949.9,46740.8,46841.0,5498.956,0.0009937065253395883,0.008185837357045206
2024-01-09 08:00:00,46841.0,46891.3,46500.7,46552.2,9510.893,-0.006165538737430976,0.008174645480933817
2024-01-09 09:00:00,46552.3,46694.1,46372.0,46497.8,12445.943,-0.0011685806471014581,0.008090907640282904
2024-01-09 10:00:00,46497.8,46692.0,46390.0,46449.9,8358.842,-0.0010301562654577712,0.008046143794628742
2024-01-09 11:00:00,46449.9,46650.0,46435.0,46624.4,7248.879,0.003756735751853091,0.008041967578798284
2024-01-09 12:00:00,46624.4,47080.0,45400.0,46175.5,42335.599,-0.009628005936805684,0.008429110940396308
2024-01-09 13:00:00,46175.9,47100.0,46064.1,46835.4,38496.136,0.014291128412253329,0.008311789028215914
2024-01-09 14:00:00,46835.3,47019.9,46482.5,46559.9,20992.311,-0.00588230270265655,0.005296897366254519
2024-01-09 15:00:00,46559.9,47025.6,46432.0,46868.8,25460.844,0.006634464421100494,0.005523939943528151
2024-01-09 16:00:00,46868.9,46977.0,46718.5,46901.2,12929.33,0.0006912914348136123,0.005429948010496096
2024-01-09 17:00:00,46901.2,46922.2,46623.0,46718.8,10947.187,-0.0038890262935702413,0.005301794185840295
2024-01-09 18:00:00,46718.7,46732.8,46500.0,46643.6,10505.851,-0.0016096303843421422,0.005301740390669979
2024-01-09 19:00:00,46643.5,46895.9,46570.7,46873.5,7880.575,0.0049288648389060885,0.005430856564253054
2024-01-09 20:00:00,46873.5,46937.0,46585.4,46636.1,8565.049,-0.005064695403586228,0.005370429345393368
2024-01-09 21:00:00,46636.1,48100.0,44417.2,45450.2,165990.803,-0.02542879872030468,0.00781667063623702
2024-01-09 22:00:00,45450.1,46272.7,45300.0,46250.7,32073.429,0.01761268377256875,0.008804535415767003
2024-01-09 23:00:00,46250.6,46258.4,45929.5,46114.0,11779.519,-0.0029556309418018456,0.008776725761042053
2024-01-10 00:00:00,46113.9,46252.5,45787.8,45863.9,15473.919,-0.005423515635164966,0.008828104090592374
2024-01-10 01:00:00,45863.9,45980.5,45629.6,45944.4,9737.224,0.0017551930821408934,0.008846389707254414
2024-01-10 02:00:00,45944.5,46104.8,45898.9,45990.0,5315.192,0.0009925039830751547,0.008839260580910327
2024-01-10 03:00:00,45989.9,46228.4,45939.4,46133.6,6154.987,0.003122417916938458,0.008875112691077668
2024-01-10 04:00:00,46133.5,46200.0,45950.0,45970.4,6028.925,-0.0035375518060588584,0.008809505021253043
2024-01-10 05:00:00,45970.4,46036.6,45903.0,45988.4,4137.107,0.0003915563057967919,0.008811034586790249
2024-01-10 06:00:00,45988.4,46076.9,45883.0,46013.9,3835.661,0.0005544876534082643,0.008813269840907292
2024-01-10 07:00:00,46014.0,46032.0,45728.9,45766.4,7753.532,-0.005378809446710653,0.008821354449472546
2024-01-10 08:00:00,45766.3,45876.7,45300.0,45328.2,16135.794,-0.009574709830793005,0.008818583881401804
2024-01-10 09:00:00,45328.3,45702.1,45310.2,45666.9,14883.659,0.007472169642739113,0.0083184504057156
2024-01-10 10:00:00,45664.8,45740.1,45535.0,45538.9,5947.103,-0.0028029053866147624,0.00825606101702787
2024-01-10 11:00:00,45538.8,45672.5,44800.0,45530.2,17088.209,-0.00019104545783943383,0.008059312695006758
2024-01-10 12:00:00,45530.1,45680.0,44334.2,44679.2,55229.595,-0.018690890881217337,0.008912635218092758
2024-01-10 13:00:00,44679.2,45415.8,44291.5,45120.3,38080.832,0.009872602911422002,0.009312718324477184
2024-01-10 14:00:00,45120.3,45424.7,44823.6,44890.3,23641.631,-0.0050974838376517395,0.009343586747276915
2024-01-10 15:00:00,44890.2,45663.3,44803.5,45569.0,32775.559,0.015119079177461359,0.009989484637997207
2024-01-10 16:00:00,45569.4,45745.9,45189.4,45317.9,23894.068,-0.005510325001645833,0.009998669349637574
2024-01-10 17:00:00,45317.8,46449.9,45236.9,46409.9,36135.853,0.024096438714062307,0.009862345463206124
2024-01-10 18:00:00,46410.0,46678.6,45900.0,46544.2,39071.651,0.0028937791290220005,0.009082986392109247
2024-01-10 19:00:00,46544.2,46768.0,46050.2,46498.9,30963.865,-0.0009732684201252395,0.009055728825950586
2024-01-10 20:00:00,46498.8,46518.1,44720.0,46126.0,115912.735,-0.008019544548365731,0.009162393360475678
2024-01-10 21:00:00,46125.8,46300.0,45118.0,45960.0,61170.333,-0.0035988379655725877,0.009196549648040283
2024-01-10 22:00:00,45961.8,46965.0,45755.0,46903.3,39897.201,0.020524369016536204,0.010274951609145131
2024-01-10 23:00:00,46907.5,47699.3,46368.0,46662.9,59392.839,-0.005125438935000393,0.010351930495327065
2024-01-11 00:00:00,46663.0,46729.8,46308.0,46676.0,16224.974,0.00028073694519625825,0.010306305408490712
2024-01-11 01:00:00,46676.1,46758.0,46467.5,46506.7,8533.071,-0.003627131716513854,0.010354000255914913
2024-01-11 02:00:00,46506.7,46635.0,46494.4,46567.4,4211.69,0.0013051882846988327,0.010355144628424727
2024-01-11 03:00:00,46567.4,46599.7,46146.5,46502.4,11793.367,-0.0013958262647260078,0.010271082057478382
2024-01-11 04:00:00,46502.3,46511.4,46296.4,46404.9,5472.494,-0.002096665978530088,0.010004345906042742
2024-01-11 05:00:00,46405.0,46427.8,45890.1,46073.9,12280.675,-0.007132867434258006,0.01005699111033136
2024-01-11 06:00:00,46074.0,46098.4,45610.1,45899.8,16239.138,-0.003778712025680475,0.01007616344062504
2024-01-11 07:00:00,45899.9,46168.0,45874.1,46096.1,8171.041,0.004276707088048282,0.010110838870916147
2024-01-11 08:00:00,46096.1,46320.0,46051.6,46272.0,6985.174,0.0038159410449041253,0.00903866817666162
2024-01-11 09:00:00,46272.0,46354.0,46204.1,46212.8,5633.717,-0.0012793914246195248,0.00885603963344694
2024-01-11 10:00:00,46212.8,46875.0,46201.1,46870.4,17275.787,0.014229823771768846,0.009177467022821614
2024-01-11 11:00:00,46870.4,47171.0,46704.8,47068.5,20362.064,0.004226548098586802,0.008680190581590782
2024-01-11 12:00:00,47068.5,47468.8,46939.2,47451.1,21209.496,0.00812857856103344,0.008623154567940055
2024-01-11 13:00:00,47451.0,47451.0,46771.0,47329.5,31394.529,-0.002562638168556619,0.00698812095805612
2024-01-11 14:00:00,47329.5,49027.5,47209.8,48577.9,125690.22,0.02637678403532684,0.00900424032723444
2024-01-11 15:00:00,48577.1,48671.0,46488.1,46813.4,100280.384,-0.036323101657337986,0.012461361493671603
2024-01-11 16:00:00,46813.4,47065.8,45774.0,46038.0,75877.219,-0.016563633489556473,0.012904187336967743
2024-01-11 17:00:00,46038.0,46587.6,45600.0,46517.3,33766.265,0.01041096485511983,0.013078535046421268
2024-01-11 18:00:00,46517.4,46663.1,46269.0,46617.8,15543.007,0.0021604865286677377,0.012229409022420439
2024-01-11 19:00:00,46617.6,46744.0,46280.0,46698.4,10845.36,0.0017289533182602845,0.012181055130905514
2024-01-11 20:00:00,46698.4,46973.8,46111.2,46233.9,27925.558,-0.009946807599403806,0.012386419513189969
2024-01-11 21:00:00,46233.8,46454.4,46115.2,46156.5,10513.464,-0.0016740962800023684,0.012367341849151461
2024-01-11 22:00:00,46156.4,46443.3,46080.6,46408.8,5649.513,0.005466185694322556,0.012430686419638017
2024-01-11 23:00:00,46408.7,46494.0,46301.3,46337.8,4820.172,-0.0015298822637086484,0.01243145994882927
2024-01-12 00:00:00,46337.9,46536.2,46000.0,46298.9,13831.444,-0.0008394874163210053,0.012424026543090723
2024-01-12 01:00:00,46299.0,46343.7,45900.9,46144.8,10054.734,-0.0033283728123130185,0.01233855076156043
2024-01-12 02:00:00,46144.8,46266.4,46000.0,46152.2,6234.264,0.00016036476482717,0.012303932629012485
2024-01-12 03:00:00,46152.1,46193.2,45921.2,45997.0,7699.265,-0.003362786606055601,0.012294084136995903
2024-01-12 04:00:00,45997.3,46118.8,45842.2,45960.4,7328.714,-0.0007957040676564997,0.01226125387138936
2024-01-12 05:00:00,45960.4,46224.9,45902.1,46200.9,6086.14,0.005232765598210731,0.012319252838455084
2024-01-12 06:00:00,46200.9,46380.0,46101.3,46107.1,7707.002,-0.0020302634797157992,0.01186297507192457
2024-01-12 07:00:00,46107.0,46150.0,45714.2,46002.6,14036.437,-0.002266462215146925,0.011808241421927775
2024-01-12 08:00:00,46002.6,46004.7,45630.0,45862.3,10394.923,-0.0030498276184388606,0.01161246604708593
2024-01-12 09:00:00,45862.2,46089.8,45527.5,45938.0,18297.741,0.0016505931887409453,0.011632984939405165
2024-01-12 10:00:00,45938.1,46150.0,45850.2,46067.6,8161.418,0.00282119378292478,0.009702124451406323
2024-01-12 11:00:00,46067.6,46280.0,45950.5,45958.0,11068.82,-0.0023791124347697368,0.005591123240215001
2024-01-12 12:00:00,45958.0,46120.0,45660.0,45879.8,12397.924,-0.0017015535924104208,0.004220264756431082
2024-01-12 13:00:00,45879.7,45958.3,45585.0,45788.4,13316.32,-0.001992162127995356,0.003419998035614556
2024-01-12 14:00:00,45788.4,45929.6,45255.7,45462.9,35055.269,-0.007108787378462655,0.003622096205578871
2024-01-12 15:00:00,45462.8,45483.0,44360.8,44495.1,61493.173,-0.02128768732307007,0.005691843276245846
2024-01-12 16:00:00,44495.1,44719.7,43221.1,43661.2,98074.156,-0.018741389501315875,0.006576663312057261
2024-01-12 17:00:00,43661.2,43839.0,43314.7,43836.4,38973.915,0.004012716095755708,0.0067502676252257565
2024-01-12 18:00:00,43834.1,43962.7,43350.1,43510.1,24415.846,-0.007443585695905752,0.006557523024598648
2024-01-12 19:00:00,43510.0,43750.0,43309.4,43497.5,17602.49,-0.00028958793475530875,0.006579964780066357
2024-01-12 20:00:00,43497.4,44000.0,43443.7,43686.8,22616.676,0.004351974251393775,0.006774879890348547
2024-01-12 21:00:00,43686.7,43885.2,43208.1,43466.2,18946.37,-0.005049580193559722,0.006791821209671333
2024-01-12 22:00:00,43466.0,43479.8,41370.0,42517.9,90482.844,-0.0218169520224909,0.007940549917879701
2024-01-12 23:00:00,42517.9,42970.0,42487.9,42788.9,21667.373,0.006373786099501677,0.008277035614400735
2024-01-13 00:00:00,42789.0,42997.0,42764.6,42803.0,10442.422,0.0003295247131849255,0.008300715429706052
2024-01-13 01:00:00,42803.1,42900.0,42523.0,42688.1,13812.223,-0.0026843912809849657,0.008046252074336667
2024-01-13 02:00:00,42688.2,42865.0,42537.3,42544.5,7746.306,-0.003363935148202879,0.00803532849295436
2024-01-13 03:00:00,42544.5,42697.5,42445.7,42625.6,7048.188,0.001906239349387162,0.008135753789434175
2024-01-13 04:00:00,42625.6,42871.0,42565.9,42851.7,6200.369,0.00530432416200588,0.008385471951084633
2024-01-13 05:00:00,42851.8,43150.0,42780.3,43111.0,10094.36,0.006051101823264959,0.008579231060116174
2024-01-13 06:00:00,43111.0,43184.0,42955.5,43159.6,9448.538,0.0011273224930992143,0.008525525952634097
2024-01-13 07:00:00,43159.7,43265.1,43064.0,43102.1,8099.15,-0.0013322644324784694,0.008534170028544492
2024-01-13 08:00:00,43102.1,43255.0,43064.0,43171.0,5098.421,0.0015985300020184834,0.00859569118476513
2024-01-13 09:00:00,43170.9,43197.6,42830.6,42927.4,8981.976,-0.005642676796923873,0.008611845930381007
2024-01-13 10:00:00,42927.4,42933.1,42631.1,42710.3,14101.744,-0.005057375941706188,0.00857479254671056
2024-01-13 11:00:00,42710.4,42814.1,42513.0,42631.9,14715.457,-0.001835622788882385,0.007427646061248751
2024-01-13 12:00:00,42631.8,42773.4,42509.8,42697.2,9836.669,0.0015317168599100484,0.0063425935791735204
2024-01-13 13:00:00,42697.3,42801.1,42610.2,42744.2,7545.146,0.001100774758063805,0.006251912120090495
2024-01-13 14:00:00,42744.2,42980.0,42650.0,42865.4,13078.254,0.002835472414971063,0.006136712470622164
2024-01-13 15:00:00,42865.2,43273.4,42861.5,43159.7,14255.697,0.006865677212856802,0.006367840894015208
2024-01-13 16:00:00,43159.9,43193.9,42754.7,42899.1,14587.244,-0.006038040116126853,0.006386103214582963
2024-01-13 17:00:00,42899.2,42999.9,42761.4,42899.2,6183.677,2.3310512340390943e-06,0.006312394631127321
2024-01-13 18:00:00,42899.1,42908.2,42711.5,42807.9,4994.847,-0.0021282448157540212,0.003915825878269435
2024-01-13 19:00:00,42808.0,42999.9,42784.2,42791.1,5442.188,-0.000392450926114174,0.0036510890089250544
2024-01-13 20:00:00,42791.1,42928.6,42703.2,42870.5,4762.714,0.0018555260322823397,0.003674015153710623
2024-01-13 21:00:00,42870.5,42984.1,42820.8,42969.4,3388.362,0.0023069476679768997,0.003645395121978739
2024-01-13 22:00:00,42969.4,43067.7,42886.9,42993.9,3884.076,0.0005701731930163323,0.0035399253584499145
2024-01-13 23:00:00,42993.9,42998.1,42799.1,42846.4,3989.2980000000002,-0.003430719241566793,0.0036308269933688496
2024-01-14 00:00:00,42846.4,42896.9,42666.6,42691.2,6703.889,-0.0036222413084880944,0.003525845731259572
2024-01-14 01:00:00,42691.2,42843.1,42680.0,42771.9,3428.661,0.001890319316393274,0.003250748804941279
2024-01-14 02:00:00,42771.8,42835.0,42662.0,42782.9,3541.307,0.00025717819409476483,0.0032351616823098183
2024-01-14 03:00:00,42782.9,42812.5,42651.0,42691.2,4111.186,-0.002143379714792726,0.0032520647144532824
2024-01-14 04:00:00,42691.1,42714.2,42553.0,42588.1,5118.999,-0.0024150176148713953,0.00324127068226925
2024-01-14 05:00:00,42588.1,42814.4,42584.7,42757.5,3801.683,0.003977636945531771,0.003178402598496265
2024-01-14 06:00:00,42757.5,43000.0,42755.1,42996.6,4623.09,0.005592001403262659,0.0032125263856386476
2024-01-14 07:00:00,42996.6,43064.4,42888.0,43012.8,6650.492,0.00037677397747737373,0.003171533656020199
2024-01-14 08:00:00,43012.8,43033.7,42891.4,42999.0,3431.527,-0.00032083472826704984,0.0031653133621905812
2024-01-14 09:00:00,42999.1,43096.1,42824.2,43065.8,5004.5,0.0015535245005697806,0.003172523411012892
2024-01-14 10:00:00,43065.8,43077.4,42866.9,42894.9,4196.187,-0.003968346112228294,0.00325893388127026
2024-01-14 11:00:00,42895.0,42947.5,42759.2,42836.8,5849.344,-0.0013544733756226668,0.0028447486180365376
2024-01-14 12:00:00,42836.7,42858.4,42710.3,42760.3,4906.068,-0.0017858476823665592,0.0025417204358287827
2024-01-14 13:00:00,42760.3,42930.1,42737.9,42894.3,3532.491,0.003133747892320571,0.002646468519000149
2024-01-14 14:00:00,42894.3,43014.3,42789.0,42822.9,6168.544,-0.001664556829229058,0.002628837074783054
2024-01-14 15:00:00,42822.8,42967.0,42810.0,42908.4,3829.701,0.001996595279628366,0.0026631256437759892
2024-01-14 16:00:00,42908.4,42975.0,42860.0,42933.0,4516.209,0.0005733143160779886,0.002634944283705236
2024-01-14 17:00:00,42933.1,43019.1,42880.2,42979.7,5847.364,0.0010877413644514444,0.0025944090390568096
2024-01-14 18:00:00,42979.8,43017.6,42829.6,42900.6,3867.533,-0.0018404037254796668,0.0026231041672847384
2024-01-14 19:00:00,42900.5,42935.7,42633.2,42665.8,8856.555,-0.005473116926103527,0.002793593312969747
2024-01-14 20:00:00,42665.8,42755.0,42000.0,42514.7,21985.038,-0.003541478186275815,0.0027884510849249633
2024-01-14 21:00:00,42514.7,42605.2,41960.0,42558.0,21095.454,0.0010184712581766675,0.002760672860849487
2024-01-14 22:00:00,42558.0,42665.7,42069.7,42279.9,13325.956,-0.00653461158889046,0.003093100153337306
2024-01-14 23:00:00,42279.9,42328.0,41713.5,41734.9,26705.19,-0.012890285927828593,0.0041355973816129135
2024-01-15 00:00:00,41734.9,42371.5,41720.0,42287.2,15812.41,0.013233528773280767,0.005217313780899847
2024-01-15 01:00:00,42287.1,42411.7,42178.6,42280.9,6897.811,-0.00014898125201001644,0.005118168431211046
2024-01-15 02:00:00,42280.9,42424.1,42202.4,42408.5,4671.291,0.003017911160831499,0.004986311963425376
2024-01-15 03:00:00,42408.5,42650.0,42389.0,42571.8,9017.405,0.003850643149368782,0.005084473501034898
2024-01-15 04:00:00,42572.8,42637.7,42501.6,42598.0,5251.242,0.0006154308720796031,0.005090544282235646
2024-01-15 05:00:00,42598.1,42829.8,42569.8,42746.3,8946.633,0.003481384102540064,0.0051485224422063965
2024-01-15 06:00:00,42746.3,42799.2,42610.0,42653.1,4857.33,-0.002180305663882165,0.005097835908365834
2024-01-15 07:00:00,42653.0,42780.0,42520.6,42713.1,6740.168,0.0014066972857775806,0.005104312818448955
2024-01-15 08:00:00,42713.1,42784.3,42643.2,42683.5,5327.416,-0.0006929958256366442,0.005091512111416247
2024-01-15 09:00:00,42683.5,42771.3,42595.5,42759.8,4993.5960000000005,0.0017875759954080195,0.005055596333767016
2024-01-15 10:00:00,42759.9,42771.9,42535.8,42568.1,5567.973,-0.004483182802538899,0.005138791056182721
2024-01-15 11:00:00,42568.1,42710.0,42541.5,42699.9,5308.192,0.003096215240990352,0.005170282212865186
2024-01-15 12:00:00,42700.0,42723.9,42573.6,42670.2,5399.113,-0.0006955519802155363,0.005167679829810867
2024-01-15 13:00:00,42670.1,42969.0,42621.3,42856.8,10840.377,0.004373075354697331,0.005265217743738609
2024-01-15 14:00:00,42856.9,42874.3,42166.8,42204.1,27389.697,-0.015229788504974806,0.0062527560933830105
2024-01-15 15:00:00,42204.2,42482.1,42156.0,42278.7,13534.282,0.0017676007781233238,0.006177069943471163
2024-01-15 16:00:00,42278.7,42560.6,42249.1,42525.0,7915.149,0.00582562850797208,0.006283526355407315
2024-01-15 17:00:00,42525.0,42786.7,42522.1,42704.4,9974.454,0.004218694885361529,0.006350389446419152
2024-01-15 18:00:00,42704.4,43376.0,42704.3,43015.5,35715.359,0.007284963610307171,0.006331893923345783
2024-01-15 19:00:00,43015.6,43137.1,42820.1,42989.6,11708.172,-0.0006021085422697192,0.005461557646928939
2024-01-15 20:00:00,42989.6,43114.7,42849.0,42961.3,6513.139,-0.0006582987513258365,0.004723818950607579
2024-01-15 21:00:00,42961.3,42965.0,42706.4,42717.7,5726.152,-0.005670219476598848,0.004938745434441401
2024-01-15 22:00:00,42717.7,42831.4,42341.3,42634.5,14768.874,-0.0019476704036031078,0.004931671033102705
2024-01-15 23:00:00,42634.4,42647.9,42477.0,42515.0,7182.906,-0.002802894369583364,0.004902269785528775
2024-01-16 00:00:00,42515.0,42679.0,42466.1,42604.7,4807.989,0.002109843584617188,0.004924370106213958
2024-01-16 01:00:00,42604.6,42733.7,42556.6,42591.7,4728.842,-0.00030513065459913946,0.0048565872276256205
2024-01-16 02:00:00,42591.7,42732.8,42552.0,42702.1,5519.024,0.002592054320442738,0.004869832859318111
2024-01-16 03:00:00,42702.1,42942.0,42695.7,42919.5,7032.131,0.005091084513408006,0.004991283751216307
2024-01-16 04:00:00,42919.3,42945.0,42759.9,42805.2,5516.792,-0.002663125152902568,0.005030224154993891
2024-01-16 05:00:00,42805.2,42932.5,42759.0,42765.3,4148.775,-0.0009321297412462348,0.005020503211270265
2024-01-16 06:00:00,42765.4,42779.1,42648.3,42744.4,5399.943,-0.0004887139807273622,0.004910237970522997
2024-01-16 07:00:00,42744.5,42788.1,42600.5,42788.1,4965.136,0.0010223561448985397,0.0048679772887244375
2024-01-16 08:00:00,42788.5,43029.7,42718.8,43021.5,8975.581,0.005454787662924954,0.005006407535859197
2024-01-16 09:00:00,43021.5,43164.9,42899.6,42937.0,12361.569,-0.0019641342119637306,0.004943325360909318
2024-01-16 10:00:00,42937.1,42969.1,42850.1,42870.0,4996.402,-0.0015604257400376742,0.0034225594425329135
2024-01-16 11:00:00,42870.0,42944.0,42753.6,42894.9,5799.531,0.000580825752274361,0.0034149722571466526
2024-01-16 12:00:00,42894.6,43170.0,42854.7,43160.1,10657.016,0.006182553170656524,0.003443817746806903
2024-01-16 13:00:00,43160.1,43181.7,42705.6,42805.7,13452.139,-0.008211287740297224,0.003878507837267141
2024-01-16 14:00:00,42805.6,42954.9,42050.0,42700.1,55063.011,-0.002466961175731197,0.003528260671334524
2024-01-16 15:00:00,42700.1,43333.0,42545.6,43251.7,42560.654,0.012918002533951922,0.004609397957609577
2024-01-16 16:00:00,43251.0,43450.0,43003.2,43249.8,24381.082,-4.392890915261294e-05,0.004604621734899987
2024-01-16 17:00:00,43249.8,43249.8,43027.6,43051.4,8896.75,-0.0045873044499628035,0.004536025187235706
2024-01-16 18:00:00,43051.4,43159.9,42825.5,43008.8,10532.47,-0.0009895148589824654,0.004514948181769968
2024-01-16 19:00:00,43008.8,43182.3,42940.8,43164.8,6539.237,0.003627164673276173,0.004500276806897716
2024-01-16 20:00:00,43164.8,43376.2,43061.7,43195.9,13191.003,0.0007204944769811927,0.0044891880009743
2024-01-16 21:00:00,43195.9,43589.0,43181.6,43427.5,14845.85,0.0053616199685617705,0.004599950810137705
2024-01-16 22:00:00,43427.4,43499.2,43200.0,43208.6,6772.759,-0.005040584882850752,0.004772731782149854
2024-01-16 23:00:00,43208.6,43285.0,43105.2,43133.0,6063.547,-0.0017496516897098635,0.004678163252763696
2024-01-17 00:00:00,43133.0,43174.0,43044.3,43089.4,4724.355,-0.0010108269770244815,0.004638272154660219
2024-01-17 01:00:00,43089.5,43198.0,42953.0,42965.4,6154.108,-0.0028777379123403612,0.004686533918204202
2024-01-17 02:00:00,42965.4,43062.6,42910.5,42995.1,4909.457,0.0006912538926671097,0.004684253234039446
2024-01-17 03:00:00,42995.2,43029.8,42838.8,42842.1,4813.284,-0.003558545043504946,0.0047586245862509076
2024-01-17 04:00:00,42842.0,42920.1,42770.9,42848.3,6443.281,0.00014471746249600237,0.004587659091800457
2024-01-17 05:00:00,42848.2,42933.0,42754.5,42778.5,4240.183,-0.0016290027842411625,0.004581452381857731
2024-01-17 06:00:00,42778.6,42875.3,42760.0,42801.5,3740.64,0.0005376532603995621,0.004572069700884918
2024-01-17 07:00:00,42801.5,42849.1,42616.0,42654.0,10124.856,-0.0034461409062765958,0.004630198975639235
2024-01-17 08:00:00,42654.0,42750.0,42555.8,42725.6,7421.2210000000005,0.0016786233413044194,0.004403771746268798
2024-01-17 09:00:00,42725.5,42830.0,42666.4,42677.0,5570.268,-0.0011374913400864495,0.004018793229235892
2024-01-17 10:00:00,42676.9,42855.8,42614.4,42854.0,6951.373,0.004147433043559801,0.004089019795056795
2024-01-17 11:00:00,42854.0,42854.0,42670.0,42681.0,5188.435,-0.004036962710598724,0.0028937227049138947
2024-01-17 12:00:00,42681.0,42795.0,42355.5,42785.2,15118.043,0.0024413673531546998,0.0029738224269245657
2024-01-17 13:00:00,42785.2,42786.6,42500.0,42610.4,8473.725,-0.004085524901133897,0.002939762946838514
2024-01-17 14:00:00,42610.4,42934.9,42360.0,42576.2,28182.67,-0.0008026209563863906,0.002938457180218704
2024-01-17 15:00:00,42576.1,42774.2,42457.5,42478.3,17076.067,-0.0022994067107913185,0.0027955751644443577
2024-01-17 16:00:00,42478.2,42565.4,42263.1,42358.5,14317.307,-0.00282026352278697,0.002806472911293978
2024-01-17 17:00:00,42358.5,42472.3,42200.0,42375.4,9867.665,0.000398975412254865,0.0024078501225889763
2024-01-17 18:00:00,42375.5,42622.0,42272.5,42616.0,9442.58,0.005677822510229857,0.0026896942167743136
2024-01-17 19:00:00,42616.1,42757.6,42555.9,42617.5,7244.545,3.519804768159496e-05,0.0026821735726830745
2024-01-17 20:00:00,42617.6,42869.3,42560.0,42722.0,12998.782,0.0024520443479791876,0.0027645963478769553
2024-01-17 21:00:00,42722.1,42825.5,42606.0,42685.7,5518.498,-0.0008496793221292043,0.002706457523505082
2024-01-17 22:00:00,42685.7,42740.4,42444.0,42727.0,5410.299,0.0009675371377300124,0.0027126051559553093
2024-01-17 23:00:00,42727.1,42794.3,42622.4,42783.4,5464.439,0.0013200084255857725,0.002622900167668792
2024-01-18 00:00:00,42783.3,42797.0,42621.8,42671.1,4265.287,-0.002624849824932163,0.00268363699466928
2024-01-18 01:00:00,42671.1,42723.8,42515.0,42595.2,4987.178,-0.0017787214297264597,0.002688027132070631
2024-01-18 02:00:00,42595.2,42731.0,42587.7,42657.3,3244.51,0.0014579107505072741,0.002709313421494419
2024-01-18 03:00:00,42657.4,42682.0,42549.9,42594.0,2834.982,-0.0014839195167064556,0.0026182485391925995
2024-01-18 04:00:00,42594.0,42698.5,42590.0,42672.8,2396.913,0.0018500258252336366,0.0026245364930347075
2024-01-18 05:00:00,42672.8,42798.8,42640.0,42777.0,4328.891,0.0024418364860050445,0.0026687561172763835
2024-01-18 06:00:00,42777.1,42883.2,42760.0,42808.9,6363.919,0.0007457278444022997,0.0025017725979956805
2024-01-18 07:00:00,42809.0,42930.1,42804.4,42918.3,6595.933,0.0025555433566384345,0.0023801160480084334
2024-01-18 08:00:00,42918.3,42932.3,42723.2,42749.5,5434.521,-0.003933054198325681,0.0024992643101080024
2024-01-18 09:00:00,42749.6,42877.0,42709.4,42746.4,6286.452,-7.251546801712028e-05,0.002311297484142293
2024-01-18 10:00:00,42746.4,42789.6,42401.1,42450.3,12705.875,-0.006926899107293161,0.0027998591378491085
2024-01-18 11:00:00,42450.3,42550.0,42382.5,42540.0,9377.826000000001,0.002113059271665829,0.0027949485013195096
2024-01-18 12:00:00,42540.1,42550.8,42351.0,42440.2,8369.719,-0.0023460272684533434,0.0027709903191557327
2024-01-18 13:00:00,42440.2,42680.7,42367.4,42511.2,11168.679,0.001672942163326363,0.0027927817470862026
2024-01-18 14:00:00,42511.1,42748.2,42430.0,42742.6,11201.82,0.005443271420237483,0.0027687974230640737
2024-01-18 15:00:00,42742.6,42821.4,42607.8,42618.9,11181.264,-0.002894068212977108,0.0028515391845652625
2024-01-18 16:00:00,42619.0,42619.0,41720.0,41953.9,45356.294,-0.015603406000624154,0.0044476306726706286
2024-01-18 17:00:00,41953.9,42191.9,41457.7,41813.9,37052.287,-0.003336996083796784,0.004480881287229965
2024-01-18 18:00:00,41813.9,41922.5,41335.0,41516.7,28973.926,-0.0071076842868043055,0.0046527324197176
2024-01-18 19:00:00,41516.7,41602.2,40805.2,41014.2,39928.423,-0.012103563144469587,0.005174771770414878
2024-01-18 20:00:00,41014.2,41314.2,40673.6,40847.4,38539.724,-0.004066884152317818,0.005192535541223848
2024-01-18 21:00:00,40847.3,41265.0,40754.0,41120.7,20150.228,0.006690756327208058,0.0055584779831730595
2024-01-18 22:00:00,41120.7,41366.4,41068.0,41346.3,9143.79,0.005486287927978006,0.005750331604974246
2024-01-18 23:00:00,41346.4,41356.0,41195.1,41323.1,5192.315,-0.0005611142955961324,0.005754537911163575
2024-01-19 00:00:00,41323.2,41372.0,41087.2,41287.0,8643.478,-0.0008736033840636148,0.005703143559413409
2024-01-19 01:00:00,41287.1,41332.9,41120.0,41266.4,6070.568,-0.0004989463995930254,0.005629974467214408
2024-01-19 02:00:00,41266.4,41306.4,41077.7,41112.4,5635.331,-0.0037318496403854207,0.0056132171502584075
2024-01-19 03:00:00,41112.5,41143.5,40739.6,41049.8,15945.844,-0.0015226549654118182,0.005511999280348675
2024-01-19 04:00:00,41049.8,41220.0,41031.3,41099.5,6299.93,0.0012107245345895912,0.00554719553930016
2024-01-19 05:00:00,41099.5,41236.2,41051.8,41207.1,4225.686,0.002618036715775096,0.005627208782411073
2024-01-19 06:00:00,41207.1,41514.2,41185.5,41462.5,10380.207,0.006197961030987464,0.005763577633462314
2024-01-19 07:00:00,41462.6,41578.3,41259.0,41282.0,10947.375,-0.004353331323485032,0.005751624742694746
2024-01-19 08:00:00,41281.9,41383.8,41132.5,41285.4,7780.007,8.236035075825932e-05,0.005758097881484532
2024-01-19 09:00:00,41285.4,41471.9,41241.9,41396.5,8046.09,0.0026910239455109064,0.005790753223860533
2024-01-19 10:00:00,41396.6,41495.2,41333.7,41483.0,6288.609,0.002089548633338545,0.005631211064871109
2024-01-19 11:00:00,41483.1,41518.4,41366.6,41471.7,5820.501,-0.00027240074247292245,0.005627058549447335
2024-01-19 12:00:00,41471.7,41493.0,41266.6,41345.4,7193.666,-0.0030454502709075237,0.004550296676052456
2024-01-19 13:00:00,41345.5,41431.8,41267.0,41397.2,6102.277,0.0012528600521459765,0.004527067930085793
2024-01-19 14:00:00,41397.3,41457.5,40848.0,40973.4,26585.618,-0.010237407360884188,0.0048128959113255725
2024-01-19 15:00:00,40973.5,41175.2,40718.5,40897.0,27868.609,-0.00186462436605217,0.004007303723516987
2024-01-19 16:00:00,40897.1,40960.0,40312.0,40408.6,45003.985,-0.011942196249113635,0.0047348287660290995
2024-01-19 17:00:00,40408.6,41281.0,40300.0,41239.1,39646.133,0.020552555644095527,0.006523877883294034
2024-01-19 18:00:00,41239.2,42000.0,41011.1,41810.6,38671.155,0.013858207380859522,0.007124312133090611
2024-01-19 19:00:00,41810.6,41918.0,41584.6,41818.5,15095.606,0.00018894730044527464,0.00711994813342203
2024-01-19 20:00:00,41818.6,42197.0,41530.1,41635.6,23665.952,-0.004373662374308029,0.007201143094681304
2024-01-19 21:00:00,41635.5,41790.0,41562.4,41635.1,10002.26,-1.2008953875985995e-05,0.007198606433200035
2024-01-19 22:00:00,41635.1,41748.3,41535.5,41691.1,5077.777,0.0013450189863841722,0.0071318666934373645
2024-01-19 23:00:00,41691.2,41728.3,41616.6,41662.2,4945.066,-0.0006931935113250187,0.007120522137405882
2024-01-20 00:00:00,41662.1,41687.1,41458.5,41490.9,7582.73,-0.004111640767890168,0.007201965042315393
2024-01-20 01:00:00,41490.9,41712.0,41490.9,41664.9,4839.318,0.004193690664699989,0.0072349134416171265
2024-01-20 02:00:00,41664.8,41670.0,41536.1,41627.5,2864.287,-0.000897638059853767,0.007117812704733885
2024-01-20 03:00:00,41627.5,41658.6,41525.8,41638.0,2869.516,0.0002522371028768067,0.007036011436530222
2024-01-20 04:00:00,41638.1,41660.0,41571.3,41607.2,2713.04,-0.0007397089197368478,0.00704068912055812
2024-01-20 05:00:00,41607.1,41649.9,41566.3,41630.0,2483.055,0.0005479820800247115,0.0070204529025376
2024-01-20 06:00:00,41630.0,41699.0,41618.2,41669.0,3054.153,0.0009368244054768216,0.007009750899269176
2024-01-20 07:00:00,41668.9,41781.4,41640.0,41652.4,4664.85,-0.000398377690849272,0.007010298691709527
2024-01-20 08:00:00,41652.4,41672.7,41518.2,41590.1,6898.955,-0.0014957121318339706,0.006980566904611974
2024-01-20 09:00:00,41590.2,41642.1,41453.6,41519.1,5854.262,-0.0017071370350155712,0.006991076066548367
2024-01-20 10:00:00,41518.9,41624.2,41487.9,41542.5,4362.726,0.0005635960317058597,0.006547933077220843
2024-01-20 11:00:00,41542.4,41624.6,41475.0,41583.6,3896.644,0.0009893482578082757,0.006519905993850673
2024-01-20 12:00:00,41583.5,41706.5,41534.2,41620.0,4930.928,0.000875345087967494,0.005784493650326217
2024-01-20 13:00:00,41619.9,41686.7,41580.8,41633.6,3450.274,0.0003267659778951604,0.0036520791439024662
2024-01-20 14:00:00,41633.6,41649.9,41480.1,41542.6,4289.504,-0.002185734598977751,0.0019022658628049208
2024-01-20 15:00:00,41542.8,41688.0,41480.0,41570.3,5608.6539999999995,0.0006667854202675461,0.001911967274964134
2024-01-20 16:00:00,41570.2,41650.0,41537.0,41566.8,3225.346,-8.419472556131513e-05,0.0016535944944643974
2024-01-20 17:00:00,41566.8,41628.3,41540.0,41586.6,2180.69,0.0004763416957762612,0.0016582718423877125
2024-01-20 18:00:00,41586.6,41631.0,41522.0,41607.9,2670.119,0.0005121842131841081,0.0016314528096186506
2024-01-20 19:00:00,41607.8,41685.0,41600.6,41638.4,2540.597,0.0007330338709716777,0.001635261577101303
2024-01-20 20:00:00,41638.4,41844.4,41615.0,41748.8,5474.026,0.0026513987088840896,0.001432961349801096
2024-01-20 21:00:00,41748.7,41883.5,41723.5,41732.3,4128.127,-0.00039522094048216605,0.0011093710726532277
2024-01-20 22:00:00,41732.3,41819.6,41673.0,41779.8,2681.402,0.0011382070961820645,0.0011082097375382596
2024-01-20 23:00:00,41779.7,41812.8,41620.8,41691.8,2602.859,-0.002106281025758827,0.0012202947437315115
2024-01-21 00:00:00,41691.8,41727.4,41624.6,41644.7,2220.866,-0.0011297185537685328,0.0012368395411834934
2024-01-21 01:00:00,41644.6,41725.0,41627.5,41662.9,1808.753,0.0004370304024283733,0.0012347154280820953
2024-01-21 02:00:00,41662.8,41716.6,41653.3,41703.9,1539.406,0.0009840889616421489,0.0012365656736390675
2024-01-21 03:00:00,41704.0,41735.0,41659.3,41677.4,2111.787,-0.000635432177805928,0.0012421384205117162
2024-01-21 04:00:00,41677.4,41686.4,41645.0,41674.8,1183.312,-6.238392989965647e-05,0.001189673967806547
2024-01-21 05:00:00,41674.8,41699.9,41626.6,41630.3,1372.122,-0.0010677915670861404,0.0011462902011859877
2024-01-21 06:00:00,41630.4,41661.7,41544.0,41604.0,2462.633,-0.0006317513926155094,0.0011538700033842685
2024-01-21 07:00:00,41603.9,41669.4,41584.4,41648.6,1726.346,0.001072012306508885,0.001157461578411327
2024-01-21 08:00:00,41648.5,41715.8,41648.5,41663.3,2238.083,0.0003529530404384751,0.0011443589619215442
2024-01-21 09:00:00,41663.3,41749.3,41662.9,41746.3,2236.487,0.001992160966606038,0.0012232311658578602
2024-01-21 10:00:00,41746.2,41826.5,41703.3,41788.5,4780.995,0.0010108680290228378,0.0011072574808054614
2024-01-21 11:00:00,41788.6,41798.4,41681.1,41720.9,2039.396,-0.0016176699331155175,0.0011822541601860855
2024-01-21 12:00:00,41720.8,41825.1,41697.1,41736.3,2446.487,0.00036911955398855056,0.0011812373815964319
2024-01-21 13:00:00,41736.2,41866.8,41736.2,41853.6,4237.836,0.0028105030872405123,0.0013170471568325819
2024-01-21 14:00:00,41853.6,41880.9,41750.1,41778.1,3796.124,-0.0018039069518511752,0.0013986364116327088
2024-01-21 15:00:00,41778.0,41862.3,41600.0,41652.8,6896.609,-0.0029991789956937964,0.001563723966302534
2024-01-21 16:00:00,41652.7,41672.5,41516.0,41601.5,5300.591,-0.001231609879768003,0.0014570295272654146
2024-01-21 17:00:00,41601.5,41697.0,41591.7,41675.5,2691.701,0.001778782015071645,0.001519543946445718
2024-01-21 18:00:00,41675.6,41733.0,41621.2,41680.1,2288.286,0.00011037660016066653,0.0014938008558828407
2024-01-21 19:00:00,41680.2,41721.2,41630.6,41721.2,1345.919,0.0009860820871350207,0.0014361388370941243
2024-01-21 20:00:00,41721.2,41766.8,41618.0,41644.9,2759.407,-0.001828806458107568,0.0014740185772731669
2024-01-21 21:00:00,41644.9,41820.0,41613.1,41781.8,2571.717,0.0032873172945546703,0.0016461099988505212
2024-01-21 22:00:00,41781.8,41787.4,41620.7,41636.7,1829.808,-0.003472803948130654,0.0018189688973925392
2024-01-21 23:00:00,41636.8,41679.0,41500.0,41580.0,5150.881,-0.0013617793917384269,0.0018378155232844434
2024-01-22 00:00:00,41579.9,41688.5,41460.0,41652.7,8407.221,0.0017484367484366103,0.0018845743064027673
2024-01-22 01:00:00,41652.7,41692.3,41262.2,41363.9,16037.9,-0.0069335241172839845,0.0024322685940766048
2024-01-22 02:00:00,41363.9,41430.4,41258.0,41317.2,5593.539,-0.0011290037931627195,0.002438177529883425
2024-01-22 03:00:00,41317.2,41345.9,41050.5,41199.6,10930.402,-0.0028462722546541697,0.0024756293910768697
2024-01-22 04:00:00,41199.5,41221.9,40755.5,40776.7,16886.142,-0.010264662763716181,0.003281563285816073
2024-01-22 05:00:00,40776.8,41153.7,40666.0,41133.6,16571.74,0.008752547410653566,0.003902913672433256
2024-01-22 06:00:00,41133.6,41334.9,41002.0,41201.3,10932.641,0.0016458564288077682,0.003920379369169301
2024-01-22 07:00:00,41201.4,41210.3,40971.3,41042.6,6855.448,-0.0038518202095566556,0.003979290803312268
2024-01-22 08:00:00,41042.7,41044.6,40755.8,40957.3,15427.238,-0.002078328371009519,0.003978698399536757
2024-01-22 09:00:00,40957.2,41050.0,40508.7,40745.4,13917.588,-0.005173680882284759,0.003983753688320694
2024-01-22 10:00:00,40745.4,40850.0,40353.7,40703.5,27192.368,-0.0010283369411026033,0.003982706234537589
2024-01-22 11:00:00,40703.4,40947.0,40663.6,40809.4,12423.724,0.0026017418649502133,0.004052832108168429
2024-01-22 12:00:00,40809.5,40925.3,40682.7,40885.6,8973.855,0.0018672168667022149,0.004103017980363678
2024-01-22 13:00:00,40885.7,41253.7,40861.8,40941.9,20506.232,0.0013770129336490022,0.004090384970934586
2024-01-22 14:00:00,40942.0,40979.1,40501.7,40690.1,26108.571,-0.006150178667819639,0.004247182864747608
2024-01-22 15:00:00,40690.0,40857.8,40333.0,40774.7,26780.105,0.0020791298129028135,0.004283570902776761
2024-01-22 16:00:00,40775.0,40880.1,40401.7,40524.1,19526.172,-0.006145967965429544,0.00442660185628195
2024-01-22 17:00:00,40524.1,40816.0,40460.0,40714.8,11932.344,0.004705841709007785,0.0045153545599587565
2024-01-22 18:00:00,40714.9,40803.2,39965.0,40320.7,34172.347,-0.00967952685509954,0.0048729178808908265
2024-01-22 19:00:00,40320.7,40576.0,39402.0,39812.5,71402.146,-0.012603947848127572,0.005458086613725413
2024-01-22 20:00:00,39812.6,40360.0,39746.9,40181.8,30013.751,0.00927598116169559,0.005976385179841185
2024-01-22 21:00:00,40181.7,40203.1,39839.6,39854.4,15246.066,-0.008147967487768137,0.006037371815365915
2024-01-22 22:00:00,39854.4,40082.0,39450.0,39829.9,18846.139,-0.0006147376450279518,0.00604165169689873
2024-01-22 23:00:00,39829.9,39963.7,39480.0,39567.0,14340.427,-0.006600568919329475,0.006133044366012346
2024-01-23 00:00:00,39567.1,39892.9,39508.0,39869.2,13011.155,0.007637677862865511,0.00616990788235591
2024-01-23 01:00:00,39869.2,39920.0,39708.5,39828.0,5585.589,-0.0010333791498198241,0.0057183996813881515
2024-01-23 02:00:00,39828.0,40064.0,39803.5,40058.9,7662.527,0.005797428944461114,0.00591426618875703
2024-01-23 03:00:00,40059.0,40121.2,39972.5,40000.1,6430.524,-0.001467838607650318,0.005885958627479385
2024-01-23 04:00:00,40000.1,40172.7,40000.0,40055.1,5155.7300000000005,0.0013749965625085014,0.00591156734764946
2024-01-23 05:00:00,40055.1,40122.1,40051.7,40064.8,3022.982,0.0002421664157623571,0.005838562862430162
2024-01-23 06:00:00,40064.8,40128.0,39950.7,40019.5,5525.053,-0.0011306683173260001,0.005838794655917792
2024-01-23 07:00:00,40019.5,40031.2,39656.8,39773.9,11375.896,-0.0061370082084982736,0.005895111768609047
2024-01-23 08:00:00,39773.9,39862.9,39312.6,39460.7,24270.848,-0.007874510671571189,0.006023512546472199
2024-01-23 09:00:00,39460.6,39492.9,38902.6,38964.5,53154.134,-0.012574536184102092,0.006435499517084002
2024-01-23 10:00:00,38964.6,39160.9,38850.0,38917.0,20722.391,-0.0012190583736477745,0.006380599722119219
2024-01-23 11:00:00,38917.0,39050.0,38652.3,38850.1,26678.189,-0.0017190430917080057,0.006302396448301366
2024-01-23 12:00:00,38850.2,39097.2,38753.1,39065.7,20097.451,0.005549535265031436,0.006476303414253151
2024-01-23 13:00:00,39065.7,39079.5,38848.0,38857.8,10752.728,-0.005321804037813127,0.006331779854539702
2024-01-23 14:00:00,38857.9,38905.7,38545.0,38768.6,38267.015,-0.002295549413502629,0.006090268237139906
2024-01-23 15:00:00,38768.5,39479.2,38767.0,39197.4,35459.749,0.011060497412854753,0.006207709618480697
2024-01-23 16:00:00,39197.5,39383.0,38925.6,39312.8,24013.377,0.002944072821156496,0.005818179863376911
2024-01-23 17:00:00,39312.7,39645.0,39265.5,39404.0,25333.925,0.0023198551108034593,0.0056158808666301255
2024-01-23 18:00:00,39404.0,39654.2,39081.6,39087.1,17949.4,-0.008042330727844882,0.005860439224834952
2024-01-23 19:00:00,39087.2,39287.2,38983.0,39140.1,12620.955,0.0013559460793970413,0.005723302467757836
2024-01-23 20:00:00,39140.1,39359.0,39031.3,39178.0,12907.509,0.0009683163814093732,0.005408190282444204
2024-01-23 21:00:00,39177.6,39303.9,39060.2,39216.6,8621.858,0.0009852468221960287,0.005423601644845056
2024-01-23 22:00:00,39216.6,39558.5,39190.0,39468.3,8549.554,0.006418200455929446,0.005464719790120147
2024-01-23 23:00:00,39468.2,39898.0,39463.3,39890.0,17204.847,0.010684524035745158,0.006025029826653358
2024-01-24 00:00:00,39889.9,40247.0,39779.0,40166.9,19825.964,0.0069415893707696075,0.00622307502872986
2024-01-24 01:00:00,40166.9,40166.9,39745.0,39763.2,13974.291,-0.010050564021619857,0.006628140096149229
2024-01-24 02:00:00,39763.2,39887.1,39689.0,39759.3,6511.111,-9.808063737315464e-05,0.006625816598532461
2024-01-24 03:00:00,39759.4,39790.7,39563.8,39611.2,9144.754,-0.0037249146740512273,0.006535414404353991
2024-01-24 04:00:00,39611.3,39744.3,39550.0,39648.8,5997.376,0.000949226481399279,0.0062818855840635745
2024-01-24 05:00:00,39648.7,39849.2,39648.6,39791.8,6545.594,0.0036066665321523583,0.005540636371027233
2024-01-24 06:00:00,39791.7,39900.0,39656.3,39883.6,7231.814,0.0023070079765177276,0.005520173682507087
2024-01-24 07:00:00,39883.5,40179.7,39810.1,39979.4,12199.27,0.002401989790289827,0.005480603822231484
2024-01-24 08:00:00,39979.5,40134.9,39844.7,39948.6,8718.022,-0.0007703967543285506,0.005413455958474156
2024-01-24 09:00:00,39948.6,40094.6,39900.2,40015.6,6985.165,0.0016771551443603983,0.005196158953894821
2024-01-24 10:00:00,40015.7,40560.6,39977.4,40346.0,21804.1,0.008256779855856156,0.005326513110719767
2024-01-24 11:00:00,40346.5,40364.4,40081.1,40195.2,11187.856,-0.0037376691617508895,0.005022184334228604
2024-01-24 12:00:00,40195.1,40287.8,39962.8,40030.4,10975.845,-0.004099992038850253,0.005144094869758093
2024-01-24 13:00:00,40030.4,40111.3,39872.0,39976.2,11549.11,-0.0013539709820536983,0.005156958144187207
2024-01-24 14:00:00,39976.2,40224.4,39754.4,39907.0,27125.932,-0.0017310299628278125,0.004770270987688808
2024-01-24 15:00:00,39907.0,40116.6,39831.0,40046.7,12480.015,0.0035006389856415687,0.004801530784756899
2024-01-24 16:00:00,40046.7,40190.0,39909.3,40186.0,9893.662,0.003478438922557947,0.004829078748130576
2024-01-24 17:00:00,40186.0,40208.4,40036.2,40131.0,8311.033,-0.0013686358433284695,0.0048652419124908175
2024-01-24 18:00:00,40131.0,40149.5,39602.0,39757.9,18861.02,-0.009297052154194962,0.005227611275277238
2024-01-24 19:00:00,39757.9,39849.2,39632.0,39797.4,6223.776,0.0009935132388783074,0.004637946781480892
2024-01-24 20:00:00,39797.4,40000.0,39510.0,39548.0,14906.88,-0.00626674104338476,0.004520506468657557
2024-01-24 21:00:00,39547.9,39788.1,39493.3,39788.1,7699.781,0.006071103469202033,0.004204160495480321
2024-01-24 22:00:00,39788.1,39897.9,39747.8,39872.5,4210.545,0.0021212372543550906,0.004229544463226588
2024-01-24 23:00:00,39872.6,40171.3,39836.5,40078.7,10391.255,0.0051714841055865435,0.004268138033073352
2024-01-25 00:00:00,40078.8,40170.0,40007.1,40160.4,6344.604,0.002038489272356836,0.004279823169483956
2024-01-25 01:00:00,40160.4,40170.0,39916.4,39975.6,6619.412,-0.004601547793348759,0.004373894878840334
2024-01-25 02:00:00,39975.5,40063.4,39901.0,39931.7,3627.687,-0.0010981698836290965,0.004355416800856888
2024-01-25 03:00:00,39931.7,40096.6,39922.1,40002.8,3449.222,0.0017805402725155073,0.004340088666154833
2024-01-25 04:00:00,40002.8,40028.3,39900.4,39949.4,2906.808,-0.0013349065565411156,0.004347453532839494
2024-01-25 05:00:00,39949.4,39959.7,39778.3,39865.4,6547.8550000000005,-0.0021026598647289063,0.004353317796757949
2024-01-25 06:00:00,39865.4,40049.3,39865.3,40028.0,6248.395,0.004078724909319931,0.004014245100361339
2024-01-25 07:00:00,40028.0,40131.9,39975.7,40119.6,5395.291,0.002288398121315094,0.003975551455216424
2024-01-25 08:00:00,40119.6,40175.1,40012.1,40069.3,7290.0960000000005,-0.001253751283661786,0.0038739690607144353
2024-01-25 09:00:00,40069.4,40125.0,40018.4,40023.4,4265.366,-0.0011455153945789665,0.0038702554022419984
2024-01-25 10:00:00,40023.4,40115.3,39950.0,40103.3,7017.87,0.0019963321456948346,0.0038689037685607545
2024-01-25 11:00:00,40103.3,40300.0,40069.8,40165.5,15448.311,0.0015509945565577166,0.0038068188210179923
2024-01-25 12:00:00,40165.5,40280.0,39818.6,39854.7,16284.823,-0.007737984090824268,0.00410589675819025
2024-01-25 13:00:00,39854.7,39954.9,39720.5,39907.1,14214.549,0.001314775923542344,0.004116607626305086
2024-01-25 14:00:00,39907.1,40078.6,39846.1,40000.0,11748.603,0.002327906562992643,0.0035579801140792843
2024-01-25 15:00:00,40000.0,40038.5,39605.0,39793.6,15621.128,-0.005160000000000053,0.0037562640014597716
2024-01-25 16:00:00,39793.6,39847.5,39656.0,39700.0,9083.623,-0.0023521370270596087,0.003506085019266436
2024-01-25 17:00:00,39699.9,39843.7,39535.3,39801.4,12635.77,0.0025541561712847383,0.0032766907369589106
2024-01-25 18:00:00,39801.3,40053.6,39703.8,39832.6,18963.895,0.0007838920238985025,0.0032450862734183534
2024-01-25 19:00:00,39832.5,39986.5,39722.3,39982.9,7541.256,0.0037732912237715688,0.003140154799035386
2024-01-25 20:00:00,39982.9,39987.2,39630.0,39827.1,9548.32,-0.0038966658246401,0.003205698383010031
2024-01-25 21:00:00,39827.1,39928.9,39776.0,39917.8,6589.206,0.0022773438186562966,0.003099778761973371
2024-01-25 22:00:00,39917.8,39980.0,39877.2,39945.6,3202.333,0.0006964311660460076,0.00309435134842854
2024-01-25 23:00:00,39945.5,39980.0,39886.0,39953.3,3134.256,0.00019276215653296624,0.003067106528228243
2024-01-26 00:00:00,39953.3,39965.1,39872.0,39889.9,3112.506,-0.001586852650469428,0.00307314102833171
2024-01-26 01:00:00,39889.9,39950.0,39813.1,39928.3,3900.166,0.0009626496932808593,0.003042719903364723
2024-01-26 02:00:00,39928.3,40250.0,39924.0,40133.0,13931.964,0.005126689591091971,0.003123108450043865
2024-01-26 03:00:00,40133.0,40180.0,40052.4,40057.0,3748.277,-0.0018937034360750893,0.0031113684182248746
2024-01-26 04:00:00,40057.1,40216.7,40053.7,40133.8,4356.378,0.0019172678932521947,0.0031288038382335007
2024-01-26 05:00:00,40133.8,40171.5,40072.8,40091.3,3269.231,-0.001058957786205128,0.003127071424850612
2024-01-26 06:00:00,40091.2,40146.9,39963.7,39993.0,5095.356,-0.002451903530192423,0.003142455602623583
2024-01-26 07:00:00,39993.0,40018.5,39880.9,39956.0,7025.823,-0.0009251619033331382,0.003121324124903301
2024-01-26 08:00:00,39956.0,40168.1,39944.7,40118.3,8326.642,0.004061968164981611,0.002722542899853876
2024-01-26 09:00:00,40118.3,40408.0,40016.3,40065.6,17881.584,-0.0013136149836858735,0.0027360707345505885
2024-01-26 10:00:00,40065.6,40750.0,40053.4,40672.4,31285.711,0.015145161934427609,0.0043091459152247505
2024-01-26 11:00:00,40672.4,41350.0,40665.1,41272.0,45538.057,0.014742183888828642,0.005079200019075531
2024-01-26 12:00:00,41271.9,41490.0,41075.2,41128.2,32552.953,-0.0034842023647994047,0.005134358497026811
2024-01-26 13:00:00,41128.1,41215.6,40890.0,41002.2,15386.935,-0.003063591404437793,0.0052423728253324165
2024-01-26 14:00:00,41002.1,41587.3,41002.1,41581.1,18547.221,0.01411875460341161,0.005947089345891061
2024-01-26 15:00:00,41581.1,41585.4,41200.0,41399.8,19702.378,-0.004360154012279516,0.006107395696626583
2024-01-26 16:00:00,41399.8,41985.0,41383.8,41944.3,35814.185,0.013152237450422488,0.00645611253648834
2024-01-26 17:00:00,41944.4,41995.0,41740.7,41899.2,17038.431,-0.001075235490877291,0.006508590461931722
2024-01-26 18:00:00,41899.3,42187.1,41828.7,42083.8,21342.445,0.004405812044144142,0.006508987913564617
2024-01-26 19:00:00,42083.8,42110.0,41912.6,42046.0,11099.074,-0.0008982078614574451,0.006535012915454123
2024-01-26 20:00:00,42046.1,42239.3,41822.0,41960.9,18608.769,-0.002023973743043306,0.006550381244940884
2024-01-26 21:00:00,41961.0,42032.0,41859.8,41976.9,5667.227,0.00038130735994701404,0.006559099456071909
2024-01-26 22:00:00,41976.9,41994.7,41808.9,41887.6,7326.679,-0.0021273605244790383,0.006608051217105115
2024-01-26 23:00:00,41887.7,41963.7,41779.2,41806.4,4860.486,-0.0019385211852671613,0.006609506545514707
2024-01-27 00:00:00,41806.4,41849.9,41681.8,41772.8,6391.058,-0.0008037046959317173,0.006642690629089838
2024-01-27 01:00:00,41772.8,41924.0,41754.2,41804.9,4578.196,0.0007684426229508379,0.006610540804540696
2024-01-27 02:00:00,41804.8,41886.0,41801.7,41822.2,2353.042,0.0004138270872551253,0.0065369781051626335
2024-01-27 03:00:00,41822.2,41854.0,41755.0,41805.2,3181.954,-0.0004064826814467182,0.006524698988321413
2024-01-27 04:00:00,41805.1,41868.3,41780.0,41828.7,2413.204,0.0005621310267622803,0.006521456835045841
2024-01-27 05:00:00,41828.7,41880.5,41721.0,41748.2,3788.355,-0.001924515942403171,0.006539740007690193
2024-01-27 06:00:00,41748.1,41803.6,41672.5,41694.8,4141.47,-0.0012790970628672182,0.005802298187088195
2024-01-27 07:00:00,41694.8,41723.7,41594.0,41699.1,7069.355,0.00010313036637654704,0.004858316372029405
2024-01-27 08:00:00,41699.0,41720.2,41400.0,41455.4,13171.464,-0.0058442508351498335,0.004987782669807501
2024-01-27 09:00:00,41455.3,41726.0,41360.1,41656.4,9876.923,0.004848584261640143,0.005011659174197178
2024-01-27 10:00:00,41656.4,41786.0,41632.0,41731.6,6169.781,0.0018052448123215825,0.003929293092588871
2024-01-27 11:00:00,41731.5,41774.8,41679.0,41744.7,2900.66,0.00031391080140696914,0.0037807386657045636
2024-01-27 12:00:00,41744.7,41798.0,41689.3,41730.6,3029.479,-0.0003377674291585864,0.002305553175901178
2024-01-27 13:00:00,41730.6,41795.1,41704.0,41726.9,2640.295,-8.866395402884475e-05,0.002297571710774844
2024-01-27 14:00:00,41727.0,41813.6,41710.0,41745.0,3931.038,0.0004337729378409705,0.002034819561672385
2024-01-27 15:00:00,41745.1,41880.0,41712.9,41797.4,5453.875,0.001255240148520853,0.0020639531649913902
2024-01-27 16:00:00,41797.5,41880.0,41769.6,41789.2,3906.389,-0.00019618445166458276,0.0020234086329613985
2024-01-27 17:00:00,41789.3,41833.9,41758.3,41769.4,2297.83,-0.00047380662946394647,0.0020194416333883572
2024-01-27 18:00:00,41769.4,41807.2,41727.0,41784.9,2437.998,0.00037108505269412007,0.001973681160848088
2024-01-27 19:00:00,41785.0,41977.0,41775.1,41896.4,7765.565,0.0026684280685127515,0.0020187041437921445
2024-01-27 20:00:00,41896.5,42070.0,41896.4,42049.6,5408.243,0.0036566387565517555,0.002154334444535601
2024-01-27 21:00:00,42049.6,42165.6,42001.8,42137.8,5859.277,0.0020975229253072936,0.0021887146261209875
2024-01-27 22:00:00,42137.8,42187.1,42057.6,42135.3,5271.863,-5.93291533966811e-05,0.0021911010838345083
2024-01-27 23:00:00,42135.4,42156.7,42055.4,42102.2,4399.8,-0.0007855645978551706,0.0021998418247785555
